,0
BaggingRegressor~p149,0.07898185588387767
BaggingRegressor~p515,1.754387801547565
BaggingRegressor~p604,0.22715608125482128
BaggingRegressor~p347,0.1646526586620926
BaggingRegressor~p811,0.7013502865329512
BaggingRegressor~p537,0.12612426035502963
BaggingRegressor~p106,0.08829099582587951
BaggingRegressor~p62,3.816798378926039
BaggingRegressor~p770,2.1715677118078722
BaggingRegressor~p429,0.8333828996282527
BaggingRegressor~p625,0.4429434993924666
BaggingRegressor~p25,0.11798311444652909
BaggingRegressor~p851,0.8446985383678438
BaggingRegressor~p109,0.08829099582587951
BaggingRegressor~p100,0.22560298102981013
BaggingRegressor~p681,1.0539126853377263
BaggingRegressor~p371,0.7951621442753144
BaggingRegressor~p600,0.7567196745562131
BaggingRegressor~p892,0.6826861042183621
BaggingRegressor~p509,0.15977947295423023
BaggingRegressor~p190,1.4503071364046973
BaggingRegressor~p971,0.3544399520814613
BaggingRegressor~p887,0.3335742379547689
BaggingRegressor~p834,0.7981567230632235
BaggingRegressor~p116,0.06546843455011733
BaggingRegressor~p907,0.31040233614536017
BaggingRegressor~p945,0.6624560922063666
BaggingRegressor~p185,1.2188057259713703
BaggingRegressor~p33,0.15087823403750295
BaggingRegressor~p741,0.12672362724994304
BaggingRegressor~p791,0.17310840438489655
BaggingRegressor~p264,1.7841598360655737
BaggingRegressor~p45,0.42157924743443564
BaggingRegressor~p729,0.25370878396201546
BaggingRegressor~p22,5.180285359801489
BaggingRegressor~p500,0.07248446132596681
BaggingRegressor~p566,0.5559750390015601
BaggingRegressor~p972,1.5400028081999437
BaggingRegressor~p699,4.210575313807531
BaggingRegressor~p665,3.378314310798946
BaggingRegressor~p359,1.2093690736688545
BaggingRegressor~p919,1.138875166002656
BaggingRegressor~p924,1.2461957730812012
BaggingRegressor~p147,0.09955555555555547
BaggingRegressor~p122,0.09865969108121589
BaggingRegressor~p87,1.4713387978142074
BaggingRegressor~p42,0.28071794871794864
BaggingRegressor~p634,0.9388448979591837
BaggingRegressor~p927,0.8329773071104387
BaggingRegressor~p318,0.19571963852766153
BaggingRegressor~p878,0.9432699538081424
BaggingRegressor~p482,0.08948521553259701
BaggingRegressor~p795,0.23285368217054264
BaggingRegressor~p402,0.12675376384222967
BaggingRegressor~p513,0.5035964259121368
BaggingRegressor~p17,0.12393302458140368
BaggingRegressor~p64,0.10896098562628342
BaggingRegressor~p151,0.18182270465852562
BaggingRegressor~p357,0.09338671056569887
BaggingRegressor~p762,0.45176344743276287
BaggingRegressor~p140,0.08194966615305603
BaggingRegressor~p568,0.8664715127701378
BaggingRegressor~p884,1.2755788590604027
BaggingRegressor~p667,0.27192268565615463
BaggingRegressor~p211,1.2160866013071896
BaggingRegressor~p723,0.7068523176428315
BaggingRegressor~p510,0.5533307692307692
BaggingRegressor~p257,0.2749659224441834
BaggingRegressor~p980,1.2399578999504701
BaggingRegressor~p432,0.8179503816793894
BaggingRegressor~p648,0.6684175309468048
BaggingRegressor~p958,0.2171971066907774
BaggingRegressor~p340,0.4666071911327386
BaggingRegressor~p750,0.12433431617146742
BaggingRegressor~p829,0.6298062953995156
BaggingRegressor~p430,1.2343410214168036
BaggingRegressor~p637,0.8227820414428244
BaggingRegressor~p518,1.6027483870967738
BaggingRegressor~p395,0.10560812182741124
BaggingRegressor~p461,0.13059448378680583
BaggingRegressor~p125,0.06331973995271863
BaggingRegressor~p954,3.0304457652303114
BaggingRegressor~p895,0.2171971066907774
BaggingRegressor~p138,0.20841015364061452
BaggingRegressor~p575,1.7020307167235498
BaggingRegressor~p761,0.5152057416267942
BaggingRegressor~p802,0.5008436018957345
BaggingRegressor~p613,3.185017605633803
BaggingRegressor~p120,0.0771369782480893
BaggingRegressor~p647,0.171599815583218
BaggingRegressor~p823,0.6053295032105441
BaggingRegressor~p642,1.276075706756109
BaggingRegressor~p925,1.2247484392214465
BaggingRegressor~p126,0.06511638193177419
BaggingRegressor~p517,3.0155209024552088
BaggingRegressor~p881,1.3701056338028168
BaggingRegressor~p146,0.07898185588387767
BaggingRegressor~p806,0.9792375
BaggingRegressor~p858,0.15031794480478178
BaggingRegressor~p496,0.06769768955418151
BaggingRegressor~p452,0.23657685241886087
BaggingRegressor~p196,1.1092457231726285
BaggingRegressor~p24,0.10785415079969544
BaggingRegressor~p953,5.352435597189697
BaggingRegressor~p629,3.252614145031334
BaggingRegressor~p876,0.8239463601532563
BaggingRegressor~p449,0.6898158995815897
BaggingRegressor~p1017,0.41055122204888195
BaggingRegressor~p476,1.421298960831335
BaggingRegressor~p724,0.3283473154362417
BaggingRegressor~p469,0.2251535682023486
BaggingRegressor~p928,1.4646013018714403
BaggingRegressor~p1001,0.13302877428998494
BaggingRegressor~p43,0.11541431261770252
BaggingRegressor~p676,2.1662857142857144
BaggingRegressor~p110,0.5868333333333331
BaggingRegressor~p763,6.406666666666668
BaggingRegressor~p5,0.12372953433978315
BaggingRegressor~p239,3.067874251497006
BaggingRegressor~p605,6.348037094281298
BaggingRegressor~p749,0.2859149972929075
BaggingRegressor~p38,0.14910016575893922
BaggingRegressor~p471,0.07928984744871115
BaggingRegressor~p480,0.5414732824427481
BaggingRegressor~p360,0.6846468298109007
BaggingRegressor~p107,0.2108366800535475
BaggingRegressor~p213,0.5350820599886812
BaggingRegressor~p645,1.5521494370522007
BaggingRegressor~p657,1.4220009713453134
BaggingRegressor~p672,6.177680115273775
BaggingRegressor~p338,0.07988739123016546
BaggingRegressor~p669,2.0920608317815024
BaggingRegressor~p908,0.3544399520814613
BaggingRegressor~p412,2.9034085051546388
BaggingRegressor~p558,1.5224582701062217
BaggingRegressor~p722,1.755319025522042
BaggingRegressor~p757,1.6200606729178157
BaggingRegressor~p594,1.0404664484451716
BaggingRegressor~p54,2.4180260452364633
BaggingRegressor~p512,0.8866677047648706
BaggingRegressor~p41,0.1654828375286041
BaggingRegressor~p792,0.15087823403750295
BaggingRegressor~p58,0.10208439646712471
BaggingRegressor~p541,2.043649167733675
BaggingRegressor~p759,0.7374433065106072
BaggingRegressor~p164,0.08341308793456037
BaggingRegressor~p308,0.05590941768511861
BaggingRegressor~p12,0.17995814926761225
BaggingRegressor~p220,1.1291130298273153
BaggingRegressor~p95,0.22560298102981013
BaggingRegressor~p247,0.370290477393281
BaggingRegressor~p824,1.1839862068965517
BaggingRegressor~p284,2.9902202643171814
BaggingRegressor~p975,0.39008490133088564
BaggingRegressor~p325,0.282804445495389
BaggingRegressor~p780,1.708192702394527
BaggingRegressor~p97,0.31946754194018945
BaggingRegressor~p450,0.12869071973219257
BaggingRegressor~p336,0.07713617767387496
BaggingRegressor~p612,0.8290989603388527
BaggingRegressor~p798,0.14098078317621462
BaggingRegressor~p428,1.199910786699108
BaggingRegressor~p301,0.5615947035118019
BaggingRegressor~p413,2.8293868520859666
BaggingRegressor~p712,1.3216480446927372
BaggingRegressor~p129,0.15428237494156152
BaggingRegressor~p542,1.172996340347667
BaggingRegressor~p909,1.5400028081999437
BaggingRegressor~p497,0.3758778105836928
BaggingRegressor~p952,0.7965569395017793
BaggingRegressor~p460,0.21184036807361456
BaggingRegressor~p438,0.4629292441439266
BaggingRegressor~p786,0.5103879173290938
BaggingRegressor~p997,0.3311184694628403
BaggingRegressor~p1013,0.3273746023978469
BaggingRegressor~p923,0.5205798192771082
BaggingRegressor~p516,5.143644670050761
BaggingRegressor~p856,0.3273746023978469
BaggingRegressor~p947,1.2755788590604027
BaggingRegressor~p507,0.06705398871877513
BaggingRegressor~p848,0.8137694610778443
BaggingRegressor~p281,0.661047152480098
BaggingRegressor~p906,0.536780821917808
BaggingRegressor~p392,0.2813007614213196
BaggingRegressor~p423,1.0362991596638653
BaggingRegressor~p967,1.534664424828359
BaggingRegressor~p709,0.5535514018691587
BaggingRegressor~p1010,0.35421367948077875
BaggingRegressor~p938,2.2968653180244214
BaggingRegressor~p747,0.8243207981580968
BaggingRegressor~p172,0.08341308793456037
BaggingRegressor~p274,2.1560278745644603
BaggingRegressor~p1004,0.1466950596252129
BaggingRegressor~p744,2.2759793103448276
BaggingRegressor~p957,1.0376690211907162
BaggingRegressor~p853,0.35421367948077875
BaggingRegressor~p275,0.8125559639158035
BaggingRegressor~p489,1.3747902783222261
BaggingRegressor~p524,0.06993948562783656
BaggingRegressor~p767,0.5152057416267942
BaggingRegressor~p206,1.1787068273092367
BaggingRegressor~p905,3.0820015048908953
BaggingRegressor~p214,4.750984126984127
BaggingRegressor~p314,1.5854804947668888
BaggingRegressor~p28,0.3323270104194496
BaggingRegressor~p602,0.3506312197895934
BaggingRegressor~p623,2.791212121212122
BaggingRegressor~p992,2.518145265888456
BaggingRegressor~p436,0.7981567230632235
BaggingRegressor~p873,1.1159587844917918
BaggingRegressor~p388,0.055675967596759655
BaggingRegressor~p800,2.464748358862144
BaggingRegressor~p743,0.2859149972929075
BaggingRegressor~p942,0.47323886309960084
BaggingRegressor~p370,1.0825259117082533
BaggingRegressor~p785,1.9213837638376383
BaggingRegressor~p693,1.7766703786191536
BaggingRegressor~p410,1.8455096289337718
BaggingRegressor~p71,1.093773148148148
BaggingRegressor~p499,0.09893249324932492
BaggingRegressor~p57,4.455980284775466
BaggingRegressor~p235,2.395734304932735
BaggingRegressor~p632,0.5538665358194307
BaggingRegressor~p838,1.1885802023121386
BaggingRegressor~p8,0.1372082878953108
BaggingRegressor~p409,3.054946452476573
BaggingRegressor~p930,0.9617843264248706
BaggingRegressor~p944,1.3701056338028168
BaggingRegressor~p1008,0.7156584536958366
BaggingRegressor~p812,0.3697145328719723
BaggingRegressor~p519,0.385316716213126
BaggingRegressor~p364,2.3618701442841283
BaggingRegressor~p653,0.9587195600942653
BaggingRegressor~p1018,0.45558894553259977
BaggingRegressor~p1026,0.7398909557408595
BaggingRegressor~p807,0.26942009620523777
BaggingRegressor~p108,0.2802476999292285
BaggingRegressor~p553,0.9618017309205348
BaggingRegressor~p433,0.3058827333477041
BaggingRegressor~p73,0.6611753902662993
BaggingRegressor~p66,0.15102908277404922
BaggingRegressor~p991,0.5850313971742542
BaggingRegressor~p675,0.5330156778358438
BaggingRegressor~p415,5.401272084805653
BaggingRegressor~p538,0.3740728955741973
BaggingRegressor~p481,0.06813001473718679
BaggingRegressor~p289,7.276079234972675
BaggingRegressor~p241,1.2106682966585167
BaggingRegressor~p82,0.4671695052716949
BaggingRegressor~p692,0.2616624685138539
BaggingRegressor~p85,1.1084149184149181
BaggingRegressor~p295,1.5767715865589107
BaggingRegressor~p278,0.24483249196879306
BaggingRegressor~p204,3.358203688853247
BaggingRegressor~p315,0.6261930455635493
BaggingRegressor~p311,0.35828242363545326
BaggingRegressor~p327,0.056399785061794716
BaggingRegressor~p454,0.3685620585267407
BaggingRegressor~p936,1.1159587844917918
BaggingRegressor~p615,0.469276214042685
BaggingRegressor~p694,0.5166970802919706
BaggingRegressor~p269,2.5198704663212435
BaggingRegressor~p416,2.481537475976938
BaggingRegressor~p184,3.6931606217616584
BaggingRegressor~p11,0.7797644539614561
BaggingRegressor~p346,0.35117808219178087
BaggingRegressor~p539,0.13078976435935202
BaggingRegressor~p973,1.3166309751434035
BaggingRegressor~p414,3.3304223107569726
BaggingRegressor~p599,1.2652217453505006
BaggingRegressor~p260,1.1383445013795819
BaggingRegressor~p506,0.06725994180407366
BaggingRegressor~p579,1.2036676977463545
BaggingRegressor~p608,1.1640865603644648
BaggingRegressor~p525,1.4116600318471335
BaggingRegressor~p425,0.8413343465045593
BaggingRegressor~p662,0.4815508021390376
BaggingRegressor~p578,1.899360465116279
BaggingRegressor~p194,3.365204819277109
BaggingRegressor~p254,3.0137961595273266
BaggingRegressor~p751,0.1090382056643224
BaggingRegressor~p914,0.4689321965083231
BaggingRegressor~p242,0.7304561403508771
BaggingRegressor~p307,0.08149294670846399
BaggingRegressor~p232,0.19322237541855408
BaggingRegressor~p508,0.892561699468916
BaggingRegressor~p236,0.5058389261744967
BaggingRegressor~p753,0.2942846530976081
BaggingRegressor~p769,0.16862512124151305
BaggingRegressor~p221,1.518560817084494
BaggingRegressor~p833,0.6665722145804674
BaggingRegressor~p383,0.3187085448392555
BaggingRegressor~p163,0.09516116116116115
BaggingRegressor~p447,0.24675653426630975
BaggingRegressor~p291,0.9373169171730092
BaggingRegressor~p177,0.23960067255149223
BaggingRegressor~p406,2.3104444444444447
BaggingRegressor~p366,0.16053448275862053
BaggingRegressor~p92,1.5021023513139693
BaggingRegressor~p209,4.4184247258225335
BaggingRegressor~p871,0.8406491656491657
BaggingRegressor~p118,0.06511638193177419
BaggingRegressor~p940,0.7266008911521323
BaggingRegressor~p351,0.18088376142794954
BaggingRegressor~p633,2.3451901408450704
BaggingRegressor~p670,0.171599815583218
BaggingRegressor~p639,0.12901372997711671
BaggingRegressor~p540,0.9484344262295086
BaggingRegressor~p105,0.11784596426370911
BaggingRegressor~p502,0.8088951925948041
BaggingRegressor~p951,2.171997194459056
BaggingRegressor~p189,4.235722543352601
BaggingRegressor~p142,0.08194966615305603
BaggingRegressor~p869,0.7398909557408595
BaggingRegressor~p687,0.11550858099623276
BaggingRegressor~p929,1.7649429484253762
BaggingRegressor~p53,0.10588330961577566
BaggingRegressor~p803,1.4877969649398222
BaggingRegressor~p3,0.226747868453106
BaggingRegressor~p389,0.2203527456756552
BaggingRegressor~p545,1.533424
BaggingRegressor~p355,0.26975267239572404
BaggingRegressor~p520,3.520962686567164
BaggingRegressor~p259,3.0770292573143285
BaggingRegressor~p341,0.1491856540084389
BaggingRegressor~p756,0.35955642443036273
BaggingRegressor~p27,0.10130468150422109
BaggingRegressor~p179,0.23960067255149223
BaggingRegressor~p573,0.289095607235142
BaggingRegressor~p343,0.06138526612618965
BaggingRegressor~p7,0.368148148148148
BaggingRegressor~p664,1.5772093023255809
BaggingRegressor~p112,0.08512418300653588
BaggingRegressor~p127,0.09469309309309305
BaggingRegressor~p227,0.8441369863013696
BaggingRegressor~p439,0.6022189896852683
BaggingRegressor~p434,0.5469841675178754
BaggingRegressor~p1007,0.6140167737330477
BaggingRegressor~p523,0.06830791229742607
BaggingRegressor~p441,0.9930124908155771
BaggingRegressor~p23,0.15713639448088673
BaggingRegressor~p859,2.5950828363154406
BaggingRegressor~p128,0.11971289537712901
BaggingRegressor~p784,2.5164053254437873
BaggingRegressor~p610,0.894007177033493
BaggingRegressor~p152,0.2199266925398879
BaggingRegressor~p1019,0.7195543570820323
BaggingRegressor~p993,0.8042988230600437
BaggingRegressor~p685,2.6507320644216685
BaggingRegressor~p636,0.7691508379888268
BaggingRegressor~p689,1.9525754884547073
BaggingRegressor~p918,4.147039848197344
BaggingRegressor~p682,1.0735550935550937
BaggingRegressor~p584,1.275045620437956
BaggingRegressor~p855,0.06577603571234145
BaggingRegressor~p624,0.7254522339266255
BaggingRegressor~p93,0.30518759018758995
BaggingRegressor~p444,0.6305921250375712
BaggingRegressor~p946,0.8294801779935274
BaggingRegressor~p866,0.5285086607520065
BaggingRegressor~p965,0.07783233250912514
BaggingRegressor~p547,1.0299871794871795
BaggingRegressor~p358,0.09514712471994036
BaggingRegressor~p330,0.284931312174325
BaggingRegressor~p373,0.17347609777200962
BaggingRegressor~p453,0.7102711223203028
BaggingRegressor~p968,3.0820015048908953
BaggingRegressor~p606,2.699509345794392
BaggingRegressor~p237,0.2853787396562697
BaggingRegressor~p397,1.0775
BaggingRegressor~p717,9.313271221532093
BaggingRegressor~p960,0.47323886309960084
BaggingRegressor~p857,0.8192162162162162
BaggingRegressor~p249,2.9324746743849492
BaggingRegressor~p628,2.8776897959183674
BaggingRegressor~p309,1.3680522875816992
BaggingRegressor~p981,4.147039848197344
BaggingRegressor~p565,2.200923180592992
BaggingRegressor~p313,0.0680207532667179
BaggingRegressor~p678,0.28628865979381446
BaggingRegressor~p827,0.08581073054840628
BaggingRegressor~p124,0.18934253780407612
BaggingRegressor~p514,0.1853160301237225
BaggingRegressor~p601,0.4825749063670412
BaggingRegressor~p577,1.7400549450549447
BaggingRegressor~p470,0.35117808219178087
BaggingRegressor~p285,1.5115648148148146
BaggingRegressor~p263,0.14242563887725176
BaggingRegressor~p752,0.2051255020080321
BaggingRegressor~p90,0.48523809523809514
BaggingRegressor~p59,0.5102665051483947
BaggingRegressor~p2,0.24663521231686109
BaggingRegressor~p766,0.7013502865329512
BaggingRegressor~p182,0.23960067255149223
BaggingRegressor~p1006,2.0088630061009427
BaggingRegressor~p229,2.3656055555555553
BaggingRegressor~p349,2.1287737478411053
BaggingRegressor~p549,0.15898512476007678
BaggingRegressor~p902,0.07795206971677555
BaggingRegressor~p139,0.0744248159831756
BaggingRegressor~p342,0.06892609699769052
BaggingRegressor~p145,0.1298749398749399
BaggingRegressor~p561,0.4359643288996374
BaggingRegressor~p916,0.3040585351787773
BaggingRegressor~p570,0.8834932593180017
BaggingRegressor~p943,3.454006568144499
BaggingRegressor~p841,0.8011221779548473
BaggingRegressor~p377,0.30858677685950425
BaggingRegressor~p240,1.4305465949820788
BaggingRegressor~p890,5.352435597189697
BaggingRegressor~p159,0.24055835432409753
BaggingRegressor~p674,2.670825350036846
BaggingRegressor~p771,2.5164053254437873
BaggingRegressor~p526,1.5626438240270726
BaggingRegressor~p899,3.1098333333333334
BaggingRegressor~p356,0.06872505543237246
BaggingRegressor~p70,0.7529263565891473
BaggingRegressor~p922,0.7923047337278106
BaggingRegressor~p431,1.6169705740472744
BaggingRegressor~p727,1.7237213302752294
BaggingRegressor~p155,0.2199266925398879
BaggingRegressor~p875,2.2986688548504737
BaggingRegressor~p10,0.3099290780141843
BaggingRegressor~p970,0.31040233614536017
BaggingRegressor~p896,0.14987922705314005
BaggingRegressor~p559,0.26866125760649096
BaggingRegressor~p948,1.3095653831490655
BaggingRegressor~p156,0.17386399963465318
BaggingRegressor~p265,0.7304561403508771
BaggingRegressor~p361,0.09958025580976397
BaggingRegressor~p560,0.9366601941747573
BaggingRegressor~p521,1.5105636137588065
BaggingRegressor~p760,0.5844462975316878
BaggingRegressor~p56,0.15445981397567374
BaggingRegressor~p280,1.2206221858370854
BaggingRegressor~p363,0.06953093026916413
BaggingRegressor~p15,0.11295596295596295
BaggingRegressor~p63,0.1026687722068694
BaggingRegressor~p29,0.23487305699481859
BaggingRegressor~p245,1.111708836123005
BaggingRegressor~p898,0.20374869965819592
BaggingRegressor~p926,0.976505709624796
BaggingRegressor~p230,0.9934155972359326
BaggingRegressor~p348,0.09839057507987224
BaggingRegressor~p34,0.1098863848016391
BaggingRegressor~p543,3.6479158512720153
BaggingRegressor~p702,1.9044263249854392
BaggingRegressor~p123,0.06511638193177419
BaggingRegressor~p487,0.29776992287917725
BaggingRegressor~p698,0.21122840690978886
BaggingRegressor~p962,3.1098333333333334
BaggingRegressor~p203,0.3371900419028838
BaggingRegressor~p737,1.708192702394527
BaggingRegressor~p201,1.0549166666666667
BaggingRegressor~p32,0.21025886864813043
BaggingRegressor~p272,0.27048711943793896
BaggingRegressor~p233,0.12645083487940628
BaggingRegressor~p158,0.15900046490004657
BaggingRegressor~p580,1.2812900274473924
BaggingRegressor~p102,0.16008884150675198
BaggingRegressor~p379,0.20547925608011436
BaggingRegressor~p839,1.2449615289153635
BaggingRegressor~p231,0.32530956027127533
BaggingRegressor~p719,0.16776681202662383
BaggingRegressor~p999,2.484251766217084
BaggingRegressor~p644,0.3852930883639546
BaggingRegressor~p640,0.5760351692103517
BaggingRegressor~p334,1.2834789915966387
BaggingRegressor~p738,1.5119883659439448
BaggingRegressor~p455,0.0780608661724542
BaggingRegressor~p288,0.19571963852766153
BaggingRegressor~p256,0.7145954487989885
BaggingRegressor~p76,0.5000165837479268
BaggingRegressor~p191,1.3752101576182139
BaggingRegressor~p445,0.30279814004376365
BaggingRegressor~p180,0.1773578899499773
BaggingRegressor~p822,0.8864853057982527
BaggingRegressor~p68,0.23152227116984828
BaggingRegressor~p860,0.41055122204888195
BaggingRegressor~p666,2.894691164972635
BaggingRegressor~p317,0.22903942002718622
BaggingRegressor~p591,1.4027162367223067
BaggingRegressor~p740,0.5342926356589147
BaggingRegressor~p44,0.2146364949446317
BaggingRegressor~p690,1.120280612244898
BaggingRegressor~p557,1.8926334106728544
BaggingRegressor~p966,3.353916532905297
BaggingRegressor~p404,0.2054052990556139
BaggingRegressor~p312,0.12346880131362892
BaggingRegressor~p536,0.20873989898989898
BaggingRegressor~p198,0.45286020353508294
BaggingRegressor~p684,0.10252710427754788
BaggingRegressor~p825,0.221900741877718
BaggingRegressor~p796,0.08957856840321901
BaggingRegressor~p250,1.1769582664526483
BaggingRegressor~p652,9.900021881838075
BaggingRegressor~p368,0.08267526046265224
BaggingRegressor~p755,0.33675370008377553
BaggingRegressor~p686,2.5228500707213577
BaggingRegressor~p224,6.816890322580645
BaggingRegressor~p799,0.16114793467819408
BaggingRegressor~p175,0.23960067255149223
BaggingRegressor~p989,2.030510255127564
BaggingRegressor~p113,0.06643876572460088
BaggingRegressor~p381,0.26238939857288485
BaggingRegressor~p635,2.0488896020539156
BaggingRegressor~p255,1.0619460281261879
BaggingRegressor~p530,0.09286463012878113
BaggingRegressor~p880,3.454006568144499
BaggingRegressor~p484,0.1117345262004746
BaggingRegressor~p1029,0.86975
BaggingRegressor~p828,0.36655954127216955
BaggingRegressor~p801,1.4124784154393093
BaggingRegressor~p872,0.86975
BaggingRegressor~p882,0.6624560922063666
BaggingRegressor~p532,0.4811880261927036
BaggingRegressor~p170,0.06968171296296291
BaggingRegressor~p390,0.5312256644658877
BaggingRegressor~p974,2.49322601416613
BaggingRegressor~p788,1.6200606729178157
BaggingRegressor~p36,0.6578789893617022
BaggingRegressor~p935,1.0598401904114245
BaggingRegressor~p564,1.3668248694826768
BaggingRegressor~p296,0.9466548843187658
BaggingRegressor~p234,3.596426403641881
BaggingRegressor~p656,3.365740578439965
BaggingRegressor~p959,0.14965999364474086
BaggingRegressor~p60,0.11356748804707621
BaggingRegressor~p867,0.5906005451507957
BaggingRegressor~p79,0.3022461662631155
BaggingRegressor~p996,1.2449615289153635
BaggingRegressor~p378,0.13687645146307476
BaggingRegressor~p473,0.18737553900431186
BaggingRegressor~p913,0.5128220858895707
BaggingRegressor~p1025,0.36810975609756086
BaggingRegressor~p393,0.3665666591473043
BaggingRegressor~p350,0.6097863501483679
BaggingRegressor~p328,0.1099294503691551
BaggingRegressor~p983,1.0839318885448914
BaggingRegressor~p650,0.5025308827960229
BaggingRegressor~p774,3.141386224934611
BaggingRegressor~p680,1.8859374999999996
BaggingRegressor~p986,0.6298062953995156
BaggingRegressor~p202,0.5350820599886812
BaggingRegressor~p725,0.23219896640826873
BaggingRegressor~p964,1.0281185135587543
BaggingRegressor~p987,0.794428317535545
BaggingRegressor~p244,1.7268840943301556
BaggingRegressor~p251,0.8565982203969884
BaggingRegressor~p166,0.06973653333333335
BaggingRegressor~p292,0.3926413793103447
BaggingRegressor~p78,1.1459311981020164
BaggingRegressor~p161,0.06555128847331218
BaggingRegressor~p121,0.11713518789653492
BaggingRegressor~p493,0.45380129589632806
BaggingRegressor~p391,0.09731716082659476
BaggingRegressor~p691,6.314698972099853
BaggingRegressor~p171,0.09314583333333339
BaggingRegressor~p253,0.2809870129870129
BaggingRegressor~p372,0.45558894553259977
BaggingRegressor~p303,0.11875433939146421
BaggingRegressor~p659,0.7060896339377352
BaggingRegressor~p435,0.47038592233009685
BaggingRegressor~p88,0.7082341831916903
BaggingRegressor~p18,0.2391518737672583
BaggingRegressor~p477,1.5944710920770875
BaggingRegressor~p323,0.08114766940853894
BaggingRegressor~p915,1.0896826491893754
BaggingRegressor~p75,0.5952557319223987
BaggingRegressor~p421,0.7692727803738315
BaggingRegressor~p661,3.7997112608277193
BaggingRegressor~p16,0.27083333333333337
BaggingRegressor~p89,0.5343681085665819
BaggingRegressor~p585,0.5093523002421307
BaggingRegressor~p554,2.1783938814531547
BaggingRegressor~p103,0.22560298102981013
BaggingRegressor~p226,1.4991707920792077
BaggingRegressor~p663,0.7893433799784713
BaggingRegressor~p271,0.6083545804921437
BaggingRegressor~p30,0.11812884545783575
BaggingRegressor~p187,0.8420984719864177
BaggingRegressor~p448,0.17130510440835262
BaggingRegressor~p9,0.21669890557393745
BaggingRegressor~p598,2.5962027231467473
BaggingRegressor~p490,0.7423324705205634
BaggingRegressor~p223,0.6174657125819918
BaggingRegressor~p162,0.08194966615305603
BaggingRegressor~p362,0.06711889014357149
BaggingRegressor~p619,0.7192073832790445
BaggingRegressor~p555,0.7848604151753757
BaggingRegressor~p302,0.2034117125110914
BaggingRegressor~p1012,0.06579795340735903
BaggingRegressor~p195,1.170860344137655
BaggingRegressor~p333,0.18323095453176758
BaggingRegressor~p215,1.387755281690141
BaggingRegressor~p658,0.9261877172653534
BaggingRegressor~p920,1.0839318885448914
BaggingRegressor~p921,4.569794661190964
BaggingRegressor~p422,0.9044294247092107
BaggingRegressor~p219,4.050817843866172
BaggingRegressor~p208,0.36959858621560215
BaggingRegressor~p443,0.45558894553259977
BaggingRegressor~p789,0.45176344743276287
BaggingRegressor~p81,1.3928835978835976
BaggingRegressor~p407,2.1195108135942324
BaggingRegressor~p732,4.272108768035517
BaggingRegressor~p320,0.891555090655509
BaggingRegressor~p673,2.317964071856287
BaggingRegressor~p764,2.2341360544217688
BaggingRegressor~p933,1.5357848472164082
BaggingRegressor~p169,0.08341308793456037
BaggingRegressor~p711,0.1147216117216118
BaggingRegressor~p424,0.8351984247197819
BaggingRegressor~p704,4.119537512846866
BaggingRegressor~p569,1.1121253890618052
BaggingRegressor~p154,0.10447115968427441
BaggingRegressor~p810,2.1688925950633755
BaggingRegressor~p874,0.47417934782608706
BaggingRegressor~p956,1.5756760204081632
BaggingRegressor~p847,0.14691215448693667
BaggingRegressor~p335,0.3992726334794943
BaggingRegressor~p758,1.108375499334221
BaggingRegressor~p157,0.2199266925398879
BaggingRegressor~p862,0.7195543570820323
BaggingRegressor~p150,0.0898295511850731
BaggingRegressor~p700,6.240276162790698
BaggingRegressor~p494,0.08632765353212628
BaggingRegressor~p181,0.26997982243744956
BaggingRegressor~p646,0.11626493397610567
BaggingRegressor~p934,1.6419494112516353
BaggingRegressor~p1024,0.5901810829817158
BaggingRegressor~p286,0.9535397911415195
BaggingRegressor~p708,6.932022292993629
BaggingRegressor~p6,0.1654828375286041
BaggingRegressor~p300,0.5647476204211133
BaggingRegressor~p710,0.3492694805194805
BaggingRegressor~p592,0.2687419871794873
BaggingRegressor~p119,0.06701402373247034
BaggingRegressor~p937,0.47417934782608706
BaggingRegressor~p192,0.9613087490961677
BaggingRegressor~p252,0.41533524654317777
BaggingRegressor~p649,6.2192898550724625
BaggingRegressor~p463,0.09075454869782366
BaggingRegressor~p326,0.08915810276679842
BaggingRegressor~p614,0.5200544
BaggingRegressor~p932,1.4889030402629415
BaggingRegressor~p222,0.8948585399930143
BaggingRegressor~p365,0.5694274611398961
BaggingRegressor~p1016,2.5950828363154406
BaggingRegressor~p491,0.644405537459283
BaggingRegressor~p50,0.25952740070387126
BaggingRegressor~p950,0.404343774268703
BaggingRegressor~p804,0.20924962102071762
BaggingRegressor~p305,0.2950537121031272
BaggingRegressor~p626,3.754924924924925
BaggingRegressor~p813,0.2724805786230914
BaggingRegressor~p306,0.13188483844241922
BaggingRegressor~p188,0.3325915008597396
BaggingRegressor~p329,1.3106632653061223
BaggingRegressor~p778,2.209574324324324
BaggingRegressor~p668,9.421150627615061
BaggingRegressor~p403,0.06654011299435028
BaggingRegressor~p790,0.21154975943276777
BaggingRegressor~p298,0.2581495327102803
BaggingRegressor~p830,0.794428317535545
BaggingRegressor~p840,0.3311184694628403
BaggingRegressor~p386,0.06738049152442954
BaggingRegressor~p835,2.518145265888456
BaggingRegressor~p864,0.7022215249450893
BaggingRegressor~p277,0.4674005950770896
BaggingRegressor~p849,2.0088630061009427
BaggingRegressor~p836,0.8042988230600437
BaggingRegressor~p210,1.701683266932271
BaggingRegressor~p551,4.797780487804879
BaggingRegressor~p279,3.142286585365854
BaggingRegressor~p846,0.08801294694785819
BaggingRegressor~p854,0.4444420600858369
BaggingRegressor~p117,0.0656499442586399
BaggingRegressor~p193,0.5697280092592591
BaggingRegressor~p304,1.3486084701815038
BaggingRegressor~p797,0.09115007836990599
BaggingRegressor~p845,0.07288352852065486
BaggingRegressor~p618,0.763240534521158
BaggingRegressor~p1000,0.3579892400806993
BaggingRegressor~p522,0.3607345013477086
BaggingRegressor~p742,0.13029661016949157
BaggingRegressor~p590,3.593974854932301
BaggingRegressor~p446,0.12955510052122113
BaggingRegressor~p31,0.10560952560952566
BaggingRegressor~p589,0.48908150470219447
BaggingRegressor~p976,0.5124003345413994
BaggingRegressor~p297,0.5473793103448276
BaggingRegressor~p382,0.2560090596688534
BaggingRegressor~p912,0.39040394767041525
BaggingRegressor~p794,0.7764285714285715
BaggingRegressor~p65,0.11710497638939348
BaggingRegressor~p337,0.06242744063324539
BaggingRegressor~p478,0.16477408190732545
BaggingRegressor~p228,0.5442238083099669
BaggingRegressor~p655,0.46889543446244464
BaggingRegressor~p1,0.1325615339042387
BaggingRegressor~p572,2.8097020626432387
BaggingRegressor~p483,0.10381357466063343
BaggingRegressor~p472,0.3637978388113461
BaggingRegressor~p503,0.06982211780500079
BaggingRegressor~p401,0.08311061745272273
BaggingRegressor~p900,0.6109983079526227
BaggingRegressor~p534,1.476135416666667
BaggingRegressor~p396,0.2976980098299896
BaggingRegressor~p132,0.15428237494156152
BaggingRegressor~p754,0.3180921619293712
BaggingRegressor~p332,0.10063328912466844
BaggingRegressor~p505,0.5975712025316453
BaggingRegressor~p979,0.3037765765765765
BaggingRegressor~p69,0.34016252257257945
BaggingRegressor~p86,0.7082341831916903
BaggingRegressor~p707,0.17452023121387283
BaggingRegressor~p174,0.20132891832229585
BaggingRegressor~p728,0.4965879017013234
BaggingRegressor~p1027,1.5561139240506328
BaggingRegressor~p426,1.0500812182741117
BaggingRegressor~p697,5.4597150259067355
BaggingRegressor~p832,2.030510255127564
BaggingRegressor~p456,0.25028347545517404
BaggingRegressor~p783,0.6162538278325961
BaggingRegressor~p671,1.4421645445641524
BaggingRegressor~p199,2.6134840425531918
BaggingRegressor~p19,0.14241905208822156
BaggingRegressor~p39,0.37569655172413796
BaggingRegressor~p114,1.633173216885007
BaggingRegressor~p51,0.12484551459620716
BaggingRegressor~p852,0.2722748592870544
BaggingRegressor~p586,2.266966987620358
BaggingRegressor~p466,0.6165017878426697
BaggingRegressor~p535,0.07580552712384855
BaggingRegressor~p418,3.536460767946578
BaggingRegressor~p276,0.8296728499156831
BaggingRegressor~p819,0.19187308608370193
BaggingRegressor~p817,0.07836983471074384
BaggingRegressor~p91,0.7082341831916903
BaggingRegressor~p910,1.3175172149961742
BaggingRegressor~p77,0.8054091816367265
BaggingRegressor~p775,1.116831550802139
BaggingRegressor~p850,0.6140167737330477
BaggingRegressor~p736,2.9420497925311198
BaggingRegressor~p893,1.5756760204081632
BaggingRegressor~p917,1.2399578999504701
BaggingRegressor~p963,0.6109983079526227
BaggingRegressor~p654,1.053067105804858
BaggingRegressor~p961,0.2035249981427829
BaggingRegressor~p641,2.7314768263943443
BaggingRegressor~p609,0.97102489626556
BaggingRegressor~p826,0.9492332923329233
BaggingRegressor~p748,0.4303432700993676
BaggingRegressor~p995,1.1885802023121386
BaggingRegressor~p504,1.0501150592216582
BaggingRegressor~p451,0.13407594463150013
BaggingRegressor~p994,0.3744435910564942
BaggingRegressor~p949,2.020590200445434
BaggingRegressor~p375,0.854086651053864
BaggingRegressor~p984,4.569794661190964
BaggingRegressor~p808,3.141386224934611
BaggingRegressor~p101,0.7277841451766953
BaggingRegressor~p777,0.49188756281407037
BaggingRegressor~p531,0.9916855345911948
BaggingRegressor~p282,0.48061681222707414
BaggingRegressor~p37,0.32208377518557796
BaggingRegressor~p582,0.9381655654877574
BaggingRegressor~p731,1.9957025834908637
BaggingRegressor~p574,5.64034620505992
BaggingRegressor~p977,0.4689321965083231
BaggingRegressor~p419,1.8217002369668251
BaggingRegressor~p319,2.5382031250000003
BaggingRegressor~p988,2.6715090909090913
BaggingRegressor~p479,0.5933692793266699
BaggingRegressor~p218,0.34314929437979697
BaggingRegressor~p474,0.13530061809327582
BaggingRegressor~p468,0.062111027190332346
BaggingRegressor~p631,1.708192702394527
BaggingRegressor~p714,4.958064516129033
BaggingRegressor~p820,0.2921814930710773
BaggingRegressor~p104,0.805379241516966
BaggingRegressor~p877,0.7266008911521323
BaggingRegressor~p720,0.10080987273428468
BaggingRegressor~p420,0.8307615593834992
BaggingRegressor~p622,0.31401659751037353
BaggingRegressor~p266,0.4090857142857143
BaggingRegressor~p620,0.5945518630412892
BaggingRegressor~p816,0.1457449316360207
BaggingRegressor~p842,2.484251766217084
BaggingRegressor~p567,3.169648829431438
BaggingRegressor~p0,0.32884402216943776
BaggingRegressor~p931,2.949146023468057
BaggingRegressor~p793,1.6200606729178157
BaggingRegressor~p501,1.36551737602499
BaggingRegressor~p324,1.4952617079889807
BaggingRegressor~p837,0.37479556124626556
BaggingRegressor~p387,0.08255912713968372
BaggingRegressor~p411,1.6248223570190643
BaggingRegressor~p1015,0.1500985440905333
BaggingRegressor~p465,0.18924028268551232
BaggingRegressor~p870,1.5571929084001686
BaggingRegressor~p248,0.22460045146726867
BaggingRegressor~p352,0.07581956056776203
BaggingRegressor~p238,0.21232539523714222
BaggingRegressor~p294,7.186608108108106
BaggingRegressor~p408,1.9223781958514228
BaggingRegressor~p679,0.5111818181818182
BaggingRegressor~p246,0.7945683096261991
BaggingRegressor~p400,0.10741270075143669
BaggingRegressor~p550,0.7123900504686375
BaggingRegressor~p779,0.8864853057982527
BaggingRegressor~p268,0.14084901714763698
BaggingRegressor~p735,0.1776333822809594
BaggingRegressor~p677,5.493359375000001
BaggingRegressor~p345,0.6083545804921437
BaggingRegressor~p273,0.18345986038394405
BaggingRegressor~p617,4.106530612244898
BaggingRegressor~p130,0.1927755466309684
BaggingRegressor~p475,0.7132607466063348
BaggingRegressor~p1028,0.8400874783847012
BaggingRegressor~p200,1.5759639126305793
BaggingRegressor~p1020,0.43093656067077973
BaggingRegressor~p1011,0.3831027397260274
LinearRegression~p149,140.6609082927067
LinearRegression~p515,265.80325447263107
LinearRegression~p604,236.14965983100956
LinearRegression~p347,140.8869235298688
LinearRegression~p811,232.88991075845698
LinearRegression~p537,189.21116947596065
LinearRegression~p106,152.60855959179423
LinearRegression~p62,642.3604855837903
LinearRegression~p770,458.5025690442885
LinearRegression~p429,210.91119430270595
LinearRegression~p625,207.89905171386644
LinearRegression~p25,162.1503795068735
LinearRegression~p851,199.8637805958759
LinearRegression~p109,152.60855959179423
LinearRegression~p100,176.8515098285406
LinearRegression~p681,238.31264593009922
LinearRegression~p371,206.58032299144398
LinearRegression~p600,245.10593472332667
LinearRegression~p892,195.52438611915815
LinearRegression~p509,117.12790978802073
LinearRegression~p190,267.18362440747023
LinearRegression~p971,179.73964631885218
LinearRegression~p887,173.0661188527917
LinearRegression~p834,238.22574380068812
LinearRegression~p116,143.62039566783108
LinearRegression~p907,173.42734808320571
LinearRegression~p945,159.71776134749786
LinearRegression~p185,240.2011558586195
LinearRegression~p33,230.4398687099569
LinearRegression~p741,189.75318122809
LinearRegression~p791,198.34082734742663
LinearRegression~p264,307.3130457527467
LinearRegression~p45,217.06800399437506
LinearRegression~p729,191.26578029395407
LinearRegression~p22,757.2153599735373
LinearRegression~p500,156.78847414221235
LinearRegression~p566,224.97219787516073
LinearRegression~p972,251.81013181380436
LinearRegression~p699,759.6132863711937
LinearRegression~p665,495.65208758697025
LinearRegression~p359,239.82624632830434
LinearRegression~p919,263.1935690963796
LinearRegression~p924,231.379346961433
LinearRegression~p147,155.11540447789494
LinearRegression~p122,141.7425639845803
LinearRegression~p87,325.0182100669363
LinearRegression~p42,244.20416994825078
LinearRegression~p634,254.14747571800837
LinearRegression~p927,204.62723753491315
LinearRegression~p318,157.12403613499214
LinearRegression~p878,193.2336560134199
LinearRegression~p482,158.17517488839945
LinearRegression~p795,163.56901457026825
LinearRegression~p402,144.74900381131846
LinearRegression~p513,206.57951179322603
LinearRegression~p17,163.76212487261833
LinearRegression~p64,155.34020420473277
LinearRegression~p151,118.78909423676672
LinearRegression~p357,110.8123697044189
LinearRegression~p762,243.11064946107635
LinearRegression~p140,135.56480748734145
LinearRegression~p568,289.91316658761286
LinearRegression~p884,277.63068238887075
LinearRegression~p667,184.23152439102418
LinearRegression~p211,248.52261085809792
LinearRegression~p723,234.98010618365484
LinearRegression~p510,212.62403776671135
LinearRegression~p257,147.6928313091573
LinearRegression~p980,226.480428211986
LinearRegression~p432,217.33503570999216
LinearRegression~p648,202.3822402045725
LinearRegression~p958,141.35690413263904
LinearRegression~p340,185.32195674507653
LinearRegression~p750,197.07045482957804
LinearRegression~p829,187.0200933454474
LinearRegression~p430,235.5315388355779
LinearRegression~p637,273.91731233760345
LinearRegression~p518,259.925843219498
LinearRegression~p395,138.88633462643935
LinearRegression~p461,130.45298577761923
LinearRegression~p125,165.14072125195176
LinearRegression~p954,409.9503762528069
LinearRegression~p895,141.38130922108323
LinearRegression~p138,167.29328171374263
LinearRegression~p575,329.17850551075367
LinearRegression~p761,232.77439136727452
LinearRegression~p802,217.13045803789328
LinearRegression~p613,522.4897408272897
LinearRegression~p120,147.9730390960201
LinearRegression~p647,159.58653934704466
LinearRegression~p823,258.5733301921608
LinearRegression~p642,285.70375050278346
LinearRegression~p925,235.9454397636468
LinearRegression~p126,146.68515589867997
LinearRegression~p517,377.7673347841067
LinearRegression~p881,244.95943595416037
LinearRegression~p146,140.6609082927067
LinearRegression~p806,300.58323622490536
LinearRegression~p858,146.78272006978176
LinearRegression~p496,136.2469913531652
LinearRegression~p452,135.2411017193404
LinearRegression~p196,227.64127674605115
LinearRegression~p24,177.80750871407642
LinearRegression~p953,615.504833054398
LinearRegression~p629,497.2625598113076
LinearRegression~p876,188.58756876786168
LinearRegression~p449,173.2176509088382
LinearRegression~p1017,183.00797555906698
LinearRegression~p476,340.6597409841023
LinearRegression~p724,195.3350470359019
LinearRegression~p469,142.90681040592892
LinearRegression~p928,262.22523109980045
LinearRegression~p1001,141.87283910281332
LinearRegression~p43,150.36425511702436
LinearRegression~p676,410.9880414896068
LinearRegression~p110,209.1081527576028
LinearRegression~p763,1136.556778558389
LinearRegression~p5,146.8905945942617
LinearRegression~p239,442.2112532212562
LinearRegression~p605,845.3682002834546
LinearRegression~p749,232.63554890068448
LinearRegression~p38,198.70672760468295
LinearRegression~p471,152.0989998973368
LinearRegression~p480,217.25934347526467
LinearRegression~p360,184.87140550612267
LinearRegression~p107,173.6236509606419
LinearRegression~p213,186.75020199796614
LinearRegression~p645,372.62991283849914
LinearRegression~p657,258.7054562093243
LinearRegression~p672,809.8936309020074
LinearRegression~p338,125.38158986580147
LinearRegression~p669,462.29481514163683
LinearRegression~p908,179.90698919486144
LinearRegression~p412,394.89873282355336
LinearRegression~p558,371.50870807622357
LinearRegression~p722,371.02335206055085
LinearRegression~p757,369.7428834464479
LinearRegression~p594,328.4956365177323
LinearRegression~p54,419.86917618522085
LinearRegression~p512,258.5488337276056
LinearRegression~p41,233.99052550467485
LinearRegression~p792,224.4898534207592
LinearRegression~p58,151.20790210176625
LinearRegression~p541,418.7135548913949
LinearRegression~p759,250.47082086508112
LinearRegression~p164,142.63296542688755
LinearRegression~p308,130.82763499412442
LinearRegression~p12,221.60011240658815
LinearRegression~p220,218.52888959830517
LinearRegression~p95,176.8515098285406
LinearRegression~p247,158.933326732467
LinearRegression~p824,290.87661607098846
LinearRegression~p284,420.57908445095126
LinearRegression~p975,166.33956721657188
LinearRegression~p325,152.69834752969683
LinearRegression~p780,329.88045000863383
LinearRegression~p97,180.46887420518865
LinearRegression~p450,119.11414980973159
LinearRegression~p336,133.04337341189822
LinearRegression~p612,235.03206393996487
LinearRegression~p798,189.41856131895503
LinearRegression~p428,249.4758772985681
LinearRegression~p301,197.6153165013415
LinearRegression~p413,396.38836753590294
LinearRegression~p712,330.9208460655425
LinearRegression~p129,121.58572576084873
LinearRegression~p542,288.27842151952757
LinearRegression~p909,252.09462750379265
LinearRegression~p497,180.05878206325593
LinearRegression~p952,207.49391545756217
LinearRegression~p460,141.25671603022653
LinearRegression~p438,151.79540154900818
LinearRegression~p786,214.04350887390606
LinearRegression~p997,168.9885380627486
LinearRegression~p1013,181.71624282790089
LinearRegression~p923,168.44106142125062
LinearRegression~p516,575.5236808163277
LinearRegression~p856,181.78875603701732
LinearRegression~p947,277.5251113036421
LinearRegression~p507,135.74425847653444
LinearRegression~p848,202.37487995759489
LinearRegression~p281,194.85651061683478
LinearRegression~p906,181.87956709153144
LinearRegression~p392,161.03300833681186
LinearRegression~p423,198.6105967713417
LinearRegression~p967,254.88981834144346
LinearRegression~p709,194.1441112179298
LinearRegression~p1010,170.8138426676375
LinearRegression~p938,331.8960478861651
LinearRegression~p747,327.08968183857326
LinearRegression~p172,142.63296542688755
LinearRegression~p274,359.77476556973505
LinearRegression~p1004,142.3394317121675
LinearRegression~p744,421.96652534614867
LinearRegression~p957,212.92365253078327
LinearRegression~p853,170.8081470546894
LinearRegression~p275,209.25798632772816
LinearRegression~p489,314.64564421466514
LinearRegression~p524,134.5524406986092
LinearRegression~p767,232.81253543418842
LinearRegression~p206,241.3530671372917
LinearRegression~p905,390.4175665691906
LinearRegression~p214,608.0530284830573
LinearRegression~p314,306.5356636498489
LinearRegression~p28,207.48168169088686
LinearRegression~p602,204.0255495841996
LinearRegression~p623,496.6421539700852
LinearRegression~p992,354.02331632567314
LinearRegression~p436,178.30675069730563
LinearRegression~p873,215.12165690222892
LinearRegression~p388,144.47457805281977
LinearRegression~p800,422.3402342310086
LinearRegression~p743,203.51933298466145
LinearRegression~p942,186.58450054030428
LinearRegression~p370,235.87708958758634
LinearRegression~p785,405.4867520613239
LinearRegression~p693,304.38782111750936
LinearRegression~p410,274.14960950067393
LinearRegression~p71,293.28084746930415
LinearRegression~p499,164.82321310796368
LinearRegression~p57,665.9937309650707
LinearRegression~p235,353.0360004257499
LinearRegression~p632,220.98601009661365
LinearRegression~p838,230.39818192042213
LinearRegression~p8,140.80326579837265
LinearRegression~p409,423.63717184084874
LinearRegression~p930,219.47175868924464
LinearRegression~p944,244.92094132172588
LinearRegression~p1008,185.91466621869094
LinearRegression~p812,200.37892835319659
LinearRegression~p519,155.42307501341412
LinearRegression~p364,352.5844491594054
LinearRegression~p653,224.6614531599252
LinearRegression~p1018,189.98963305395745
LinearRegression~p1026,223.09091334138466
LinearRegression~p807,196.53183952338176
LinearRegression~p108,181.11477298703582
LinearRegression~p553,325.39227248017454
LinearRegression~p433,139.21367600250463
LinearRegression~p73,239.60245741950143
LinearRegression~p66,194.14898917291745
LinearRegression~p991,209.84724079880192
LinearRegression~p675,194.13236867835744
LinearRegression~p415,717.0512445824056
LinearRegression~p538,236.32238996836833
LinearRegression~p481,145.32543504559916
LinearRegression~p289,807.1260824251472
LinearRegression~p241,247.74537847428118
LinearRegression~p82,204.36955344129447
LinearRegression~p692,170.3005668854279
LinearRegression~p85,297.8930184802003
LinearRegression~p295,250.94385636901703
LinearRegression~p278,157.83959000999553
LinearRegression~p204,468.2607960702233
LinearRegression~p315,195.189439975956
LinearRegression~p311,172.53821034052322
LinearRegression~p327,120.92711173500473
LinearRegression~p454,162.57272112303542
LinearRegression~p936,215.10766273567145
LinearRegression~p615,222.99755361694983
LinearRegression~p694,206.27544663918314
LinearRegression~p269,395.04442923666124
LinearRegression~p416,395.53889633177477
LinearRegression~p184,501.32195104189805
LinearRegression~p11,222.86017160720817
LinearRegression~p346,158.71974494006125
LinearRegression~p539,161.21453817537642
LinearRegression~p973,232.25278914631227
LinearRegression~p414,454.736430479821
LinearRegression~p599,313.9017590079326
LinearRegression~p260,236.19440228026156
LinearRegression~p506,150.05022270298352
LinearRegression~p579,283.3896460399016
LinearRegression~p608,277.47500808517395
LinearRegression~p525,312.7382743804691
LinearRegression~p425,188.2045106717208
LinearRegression~p662,192.48274361146943
LinearRegression~p578,422.37747261410095
LinearRegression~p194,456.6501520630969
LinearRegression~p254,437.6345918310297
LinearRegression~p751,173.12645744611592
LinearRegression~p914,186.0211327070161
LinearRegression~p242,200.24625013870758
LinearRegression~p307,136.401436919295
LinearRegression~p232,129.4304401405247
LinearRegression~p508,261.4975399485117
LinearRegression~p236,158.54341100273902
LinearRegression~p753,137.38117206666726
LinearRegression~p769,221.89411066935423
LinearRegression~p221,263.43942822700217
LinearRegression~p833,182.32741806120876
LinearRegression~p383,104.5367002898433
LinearRegression~p163,135.92385808619355
LinearRegression~p447,138.73025239017815
LinearRegression~p291,194.02373418851792
LinearRegression~p177,115.0314444319063
LinearRegression~p406,383.5464368665914
LinearRegression~p366,124.56515361255484
LinearRegression~p92,339.86827853912354
LinearRegression~p209,589.7681225407136
LinearRegression~p871,190.91970643325422
LinearRegression~p118,146.68515589867997
LinearRegression~p940,205.21614167871917
LinearRegression~p351,138.48176289324067
LinearRegression~p633,428.39925278337944
LinearRegression~p670,179.67578266607794
LinearRegression~p639,172.50708557022259
LinearRegression~p540,334.0397353299521
LinearRegression~p105,155.5610744102193
LinearRegression~p502,269.46389138788174
LinearRegression~p951,309.315576670179
LinearRegression~p189,563.2683407228637
LinearRegression~p142,139.54910328413564
LinearRegression~p869,223.03702737625363
LinearRegression~p687,151.13126020111093
LinearRegression~p929,270.0813154747297
LinearRegression~p53,143.26752045299105
LinearRegression~p803,374.5089795761204
LinearRegression~p3,240.55966616974516
LinearRegression~p389,197.04240599680668
LinearRegression~p545,312.0672729335539
LinearRegression~p355,149.1575144102879
LinearRegression~p520,495.826255642815
LinearRegression~p259,444.39699311119057
LinearRegression~p341,146.56283453681843
LinearRegression~p756,148.45393259707208
LinearRegression~p27,150.50071526092657
LinearRegression~p179,115.0314444319063
LinearRegression~p573,211.0547059963978
LinearRegression~p343,131.55652065292708
LinearRegression~p7,208.2438549121198
LinearRegression~p664,350.6590527636887
LinearRegression~p112,162.72943931817036
LinearRegression~p127,151.91482031867844
LinearRegression~p227,195.8769580375558
LinearRegression~p439,170.1079931007898
LinearRegression~p434,167.14695121422716
LinearRegression~p1007,176.33618966177698
LinearRegression~p523,127.12225448300383
LinearRegression~p441,229.68200996427262
LinearRegression~p23,166.52348459680366
LinearRegression~p859,371.8268177476074
LinearRegression~p128,124.8919400169355
LinearRegression~p784,473.43983582484714
LinearRegression~p610,323.0690070395463
LinearRegression~p152,114.72083571588796
LinearRegression~p1019,166.39405691831018
LinearRegression~p993,216.79485235741126
LinearRegression~p685,425.78580417656184
LinearRegression~p636,241.65861711079225
LinearRegression~p689,375.49410209560926
LinearRegression~p918,492.27898134156203
LinearRegression~p682,244.074470943627
LinearRegression~p584,365.895222819706
LinearRegression~p855,129.7054255394608
LinearRegression~p624,232.3215348894931
LinearRegression~p93,186.90511267923335
LinearRegression~p444,191.41114573674275
LinearRegression~p946,197.19359264377547
LinearRegression~p866,171.54178471855732
LinearRegression~p965,138.96523708282382
LinearRegression~p547,280.4184276307371
LinearRegression~p358,115.40362680151657
LinearRegression~p330,155.2093322302867
LinearRegression~p373,146.08751861568953
LinearRegression~p453,191.53656372428298
LinearRegression~p968,389.95797206417814
LinearRegression~p606,431.7478445102817
LinearRegression~p237,139.5323526146788
LinearRegression~p397,203.9761979998579
LinearRegression~p717,1219.7424254641396
LinearRegression~p960,176.05179894421954
LinearRegression~p857,199.08490501349243
LinearRegression~p249,442.5919684448997
LinearRegression~p628,444.031075637666
LinearRegression~p309,293.03951530621435
LinearRegression~p981,492.70341037042255
LinearRegression~p565,422.787821491034
LinearRegression~p313,142.3108137164179
LinearRegression~p678,196.07702877975893
LinearRegression~p827,179.31744791038975
LinearRegression~p124,164.93120262505278
LinearRegression~p514,116.29263918512531
LinearRegression~p601,209.8968056168403
LinearRegression~p577,338.7672061475272
LinearRegression~p470,171.56033483096692
LinearRegression~p285,268.5549628657417
LinearRegression~p263,138.2297818956208
LinearRegression~p752,153.15005881463463
LinearRegression~p90,220.1162295036408
LinearRegression~p59,224.63318223511925
LinearRegression~p2,227.9786234497417
LinearRegression~p766,257.86797309516464
LinearRegression~p182,115.0314444319063
LinearRegression~p1006,302.03343593966844
LinearRegression~p229,345.343658173441
LinearRegression~p349,357.3697721699826
LinearRegression~p549,171.56357723222655
LinearRegression~p902,139.14340058227947
LinearRegression~p139,141.58230797219912
LinearRegression~p342,137.55536395563544
LinearRegression~p145,139.7552075708232
LinearRegression~p561,227.45779489788282
LinearRegression~p916,154.99423123591794
LinearRegression~p570,254.45816956757182
LinearRegression~p943,423.7802525268764
LinearRegression~p841,222.9780204337795
LinearRegression~p377,202.73293439108065
LinearRegression~p240,267.89706141191976
LinearRegression~p890,614.9532085827642
LinearRegression~p159,116.94819290504181
LinearRegression~p674,487.7477848764528
LinearRegression~p771,485.70185720129183
LinearRegression~p526,332.3800952807692
LinearRegression~p899,392.74918083730546
LinearRegression~p356,114.08464031611732
LinearRegression~p70,250.51019554142218
LinearRegression~p922,202.7091842628622
LinearRegression~p431,302.86346558690883
LinearRegression~p727,382.1156558752203
LinearRegression~p155,114.72083571588796
LinearRegression~p875,332.0541898133082
LinearRegression~p10,175.67919451922018
LinearRegression~p970,173.52436001739446
LinearRegression~p896,147.6387194957093
LinearRegression~p559,213.26306622751662
LinearRegression~p948,238.6055390278596
LinearRegression~p156,113.29801239136523
LinearRegression~p265,193.5375030549181
LinearRegression~p361,121.25481749315406
LinearRegression~p560,258.82809061619554
LinearRegression~p521,276.1130254773884
LinearRegression~p760,235.15979308008482
LinearRegression~p56,248.1203624778779
LinearRegression~p280,256.64406302501067
LinearRegression~p363,114.11323066026875
LinearRegression~p15,138.46264724459712
LinearRegression~p63,156.71401285321446
LinearRegression~p29,201.75534751983952
LinearRegression~p245,233.50653461284293
LinearRegression~p898,151.98084392145827
LinearRegression~p926,223.44635602817522
LinearRegression~p230,206.78762470549532
LinearRegression~p348,137.5688175747873
LinearRegression~p34,160.75911754685754
LinearRegression~p543,558.3314678998939
LinearRegression~p702,353.5561722152424
LinearRegression~p123,146.68515589867997
LinearRegression~p487,175.31409028440254
LinearRegression~p698,177.8477030333851
LinearRegression~p962,392.46368184612743
LinearRegression~p203,158.5235815495894
LinearRegression~p737,329.79789549720306
LinearRegression~p201,224.1929196463998
LinearRegression~p32,176.00503874278698
LinearRegression~p272,151.2879060006218
LinearRegression~p233,127.82882591181271
LinearRegression~p158,132.10632727205297
LinearRegression~p580,348.56414194381557
LinearRegression~p102,195.51797255954926
LinearRegression~p379,133.09383269408016
LinearRegression~p839,238.25595347741145
LinearRegression~p231,139.38711642627027
LinearRegression~p719,161.86597075834896
LinearRegression~p999,354.52737592015194
LinearRegression~p644,204.51940699493883
LinearRegression~p640,245.4703342352857
LinearRegression~p334,280.4091223743638
LinearRegression~p738,331.5075580717886
LinearRegression~p455,127.3211036003025
LinearRegression~p288,141.19958121548873
LinearRegression~p256,192.4899373614102
LinearRegression~p76,231.99921109068518
LinearRegression~p191,263.44897641971113
LinearRegression~p445,161.06882630446984
LinearRegression~p180,132.6943602731
LinearRegression~p822,259.86920700837726
LinearRegression~p68,151.20828199281408
LinearRegression~p860,183.10551897796574
LinearRegression~p666,554.1520167577946
LinearRegression~p317,154.23713748827203
LinearRegression~p591,300.6272384400805
LinearRegression~p740,197.9114504287146
LinearRegression~p44,197.77429640352992
LinearRegression~p690,317.5775914577988
LinearRegression~p557,410.18127472921606
LinearRegression~p966,420.0827341341348
LinearRegression~p404,104.43358160237601
LinearRegression~p312,145.46909842139
LinearRegression~p536,186.01320852832026
LinearRegression~p198,170.59700757124594
LinearRegression~p684,151.51169852095032
LinearRegression~p825,192.35038980772538
LinearRegression~p796,193.54767641568904
LinearRegression~p250,248.2343929208098
LinearRegression~p652,1116.9029378153346
LinearRegression~p368,124.04466966938462
LinearRegression~p755,144.58119100422329
LinearRegression~p686,540.3582890616397
LinearRegression~p224,783.4697384156395
LinearRegression~p799,218.29700881566995
LinearRegression~p175,115.0314444319063
LinearRegression~p989,286.047272416683
LinearRegression~p113,151.42146551029748
LinearRegression~p381,97.32993509594361
LinearRegression~p635,407.3273494131935
LinearRegression~p255,227.79484762714588
LinearRegression~p530,122.82259735324774
LinearRegression~p880,424.3648499247327
LinearRegression~p484,162.10835564953766
LinearRegression~p1029,211.26024418162712
LinearRegression~p828,122.50284117243639
LinearRegression~p801,301.57178145628984
LinearRegression~p872,211.05025815554683
LinearRegression~p882,159.7890361085964
LinearRegression~p532,208.00842653864416
LinearRegression~p170,153.0563067672193
LinearRegression~p390,216.21151462575168
LinearRegression~p974,345.6231894343815
LinearRegression~p788,380.533865919997
LinearRegression~p36,234.94900296267892
LinearRegression~p935,219.83250169683674
LinearRegression~p564,315.66483993720203
LinearRegression~p296,192.62561826093838
LinearRegression~p234,472.1048694929676
LinearRegression~p656,529.9784397703813
LinearRegression~p959,147.51494515189907
LinearRegression~p60,153.71618045397852
LinearRegression~p867,179.3308715770248
LinearRegression~p79,221.455870069908
LinearRegression~p996,237.977636609815
LinearRegression~p378,178.2249370438572
LinearRegression~p473,170.13359396599606
LinearRegression~p913,192.06882447466435
LinearRegression~p1025,165.1099852430155
LinearRegression~p393,168.04214350099477
LinearRegression~p350,186.1027599486844
LinearRegression~p328,115.96654501850007
LinearRegression~p983,216.05977267958627
LinearRegression~p650,183.34256567560539
LinearRegression~p774,645.6237568154888
LinearRegression~p680,305.23412445248596
LinearRegression~p986,186.95996407162625
LinearRegression~p202,173.0223948147871
LinearRegression~p725,186.0912758571397
LinearRegression~p964,210.96890664081752
LinearRegression~p987,200.70289986605977
LinearRegression~p244,297.2434925502191
LinearRegression~p251,215.06263684570132
LinearRegression~p166,141.5232418151359
LinearRegression~p292,143.90231085435815
LinearRegression~p78,291.87554193477933
LinearRegression~p161,142.6415613893034
LinearRegression~p121,136.00331138291617
LinearRegression~p493,192.82524523418988
LinearRegression~p391,149.1015428267694
LinearRegression~p691,904.1554087688503
LinearRegression~p171,165.06871579918464
LinearRegression~p253,160.5142591129464
LinearRegression~p372,172.81099315511295
LinearRegression~p303,150.65764182271786
LinearRegression~p659,197.45878447700053
LinearRegression~p435,157.42205320449415
LinearRegression~p88,241.42076492990472
LinearRegression~p18,198.22469029732503
LinearRegression~p477,365.0953627161558
LinearRegression~p323,137.0657059826487
LinearRegression~p915,225.78996751361402
LinearRegression~p75,241.7094424002724
LinearRegression~p421,188.3167474446356
LinearRegression~p661,569.3033103125557
LinearRegression~p16,170.43648305442906
LinearRegression~p89,231.97598133826205
LinearRegression~p585,234.92965824633856
LinearRegression~p554,433.26192720361166
LinearRegression~p103,176.8515098285406
LinearRegression~p226,257.3560114457131
LinearRegression~p663,213.6945766278813
LinearRegression~p271,185.71317023827243
LinearRegression~p30,163.83027548017174
LinearRegression~p187,209.6844071944883
LinearRegression~p448,129.15945371451625
LinearRegression~p9,202.10512038261703
LinearRegression~p598,496.29382808174614
LinearRegression~p490,230.44758382953788
LinearRegression~p223,184.53380765687288
LinearRegression~p162,142.23253109475272
LinearRegression~p362,111.77985599507352
LinearRegression~p619,250.3831563974656
LinearRegression~p555,255.99057459783154
LinearRegression~p302,156.60324865453035
LinearRegression~p1012,129.64554181009763
LinearRegression~p195,230.2214670213535
LinearRegression~p333,107.76792846445957
LinearRegression~p215,255.86756984344007
LinearRegression~p658,295.7968978944474
LinearRegression~p920,215.97424295554114
LinearRegression~p921,538.0228032387552
LinearRegression~p422,200.96665875449057
LinearRegression~p219,511.3713791158689
LinearRegression~p208,164.64933088918082
LinearRegression~p443,155.83968178085973
LinearRegression~p789,215.10185680613577
LinearRegression~p81,328.51838424459436
LinearRegression~p407,324.520246397184
LinearRegression~p732,768.951378293426
LinearRegression~p320,222.86426588658796
LinearRegression~p673,411.06745261952983
LinearRegression~p764,485.1982136829204
LinearRegression~p933,290.9556916492505
LinearRegression~p169,142.63296542688755
LinearRegression~p711,150.855867746652
LinearRegression~p424,185.34505616888316
LinearRegression~p704,695.3347576384087
LinearRegression~p569,334.8682944718138
LinearRegression~p154,161.7706361993849
LinearRegression~p810,424.3877613615012
LinearRegression~p874,189.5450289509117
LinearRegression~p956,251.49004150202046
LinearRegression~p847,142.39436119329034
LinearRegression~p335,173.8263394425567
LinearRegression~p758,299.6117649980696
LinearRegression~p157,114.72083571588796
LinearRegression~p862,166.5925732633188
LinearRegression~p150,130.49214647165323
LinearRegression~p700,842.1146229500253
LinearRegression~p494,148.81723941551323
LinearRegression~p181,115.47892807835774
LinearRegression~p646,154.3523656142807
LinearRegression~p934,269.8413646784667
LinearRegression~p1024,179.1641944611063
LinearRegression~p286,212.35312837395873
LinearRegression~p708,860.7981874071489
LinearRegression~p6,229.95091831604492
LinearRegression~p300,195.0619243787653
LinearRegression~p710,187.26424341300313
LinearRegression~p592,196.58302554089238
LinearRegression~p119,143.28444092315178
LinearRegression~p937,189.5858463686888
LinearRegression~p192,224.77270338090483
LinearRegression~p252,169.05501181114056
LinearRegression~p649,935.1661122182098
LinearRegression~p463,119.95001972853251
LinearRegression~p326,129.4808753769899
LinearRegression~p614,209.66776407787603
LinearRegression~p932,261.2896306026843
LinearRegression~p222,205.1084051030126
LinearRegression~p365,166.15212024690544
LinearRegression~p1016,371.9645281813473
LinearRegression~p491,218.3865675627897
LinearRegression~p50,214.24625151630818
LinearRegression~p950,182.46583898932855
LinearRegression~p804,184.92435180451088
LinearRegression~p305,159.0783435002717
LinearRegression~p626,550.3904216336541
LinearRegression~p813,203.7225962038902
LinearRegression~p306,140.01306930967675
LinearRegression~p188,159.3187438612121
LinearRegression~p329,275.9846062535985
LinearRegression~p778,420.8408439439162
LinearRegression~p668,1108.1749001145586
LinearRegression~p403,136.10271895858756
LinearRegression~p790,189.54109094984807
LinearRegression~p298,135.08323707336018
LinearRegression~p830,200.6303464589842
LinearRegression~p840,169.00902563545125
LinearRegression~p386,156.94942848412077
LinearRegression~p835,354.45304457127935
LinearRegression~p864,205.68545699284715
LinearRegression~p277,177.53148666278986
LinearRegression~p849,302.13771894605054
LinearRegression~p836,216.86088617453993
LinearRegression~p210,298.09782553592754
LinearRegression~p551,692.549039363568
LinearRegression~p279,472.61009085540735
LinearRegression~p846,127.57220596876452
LinearRegression~p854,176.89575278565454
LinearRegression~p117,143.78591391034848
LinearRegression~p193,189.01137865243325
LinearRegression~p304,285.30949617754175
LinearRegression~p797,191.8882163274137
LinearRegression~p845,135.6673213948508
LinearRegression~p618,232.37948516182678
LinearRegression~p1000,142.58484718654663
LinearRegression~p522,157.24886398082262
LinearRegression~p742,161.59712695308787
LinearRegression~p590,545.5081587342197
LinearRegression~p446,123.89521191075605
LinearRegression~p31,168.48207060517458
LinearRegression~p589,215.9289476149641
LinearRegression~p976,192.1562512768233
LinearRegression~p297,158.1439998561948
LinearRegression~p382,139.54235041547332
LinearRegression~p912,166.3853334337438
LinearRegression~p794,277.9979284764061
LinearRegression~p65,154.37033346171182
LinearRegression~p337,123.63156924049886
LinearRegression~p478,163.92198036104406
LinearRegression~p228,172.06470411027212
LinearRegression~p655,194.65406241615685
LinearRegression~p1,149.9335628297211
LinearRegression~p572,498.3834658365025
LinearRegression~p483,160.73926367845684
LinearRegression~p472,195.56091769799906
LinearRegression~p503,157.0187588896963
LinearRegression~p401,144.3507492063237
LinearRegression~p900,174.32366748043165
LinearRegression~p534,375.1882194270107
LinearRegression~p396,212.64934866983793
LinearRegression~p132,121.58572576084873
LinearRegression~p754,139.2246858845839
LinearRegression~p332,113.43046316142474
LinearRegression~p505,235.95845613791454
LinearRegression~p979,154.89591016922867
LinearRegression~p69,124.25703535210816
LinearRegression~p86,241.42076492990472
LinearRegression~p707,153.79741432174956
LinearRegression~p174,119.32488990545346
LinearRegression~p728,214.3491116581935
LinearRegression~p1027,255.39248540154813
LinearRegression~p426,214.47086436873263
LinearRegression~p697,671.7579763967318
LinearRegression~p832,286.41631184821415
LinearRegression~p456,138.4393476391396
LinearRegression~p783,232.4544372499363
LinearRegression~p671,325.22786091719513
LinearRegression~p199,382.1239251291273
LinearRegression~p19,212.3291503460376
LinearRegression~p39,225.4671508146892
LinearRegression~p114,373.965872540668
LinearRegression~p51,155.21816769958411
LinearRegression~p852,157.72523664410738
LinearRegression~p586,507.9432033771579
LinearRegression~p466,190.57270774870443
LinearRegression~p535,159.88716447562376
LinearRegression~p418,518.0826021651548
LinearRegression~p276,214.69816889827038
LinearRegression~p819,161.1578785503343
LinearRegression~p817,184.44619828989877
LinearRegression~p91,241.42076492990472
LinearRegression~p910,232.21848118441562
LinearRegression~p77,260.10864683857903
LinearRegression~p775,279.15411689333223
LinearRegression~p850,176.40743254297948
LinearRegression~p736,467.7594457637944
LinearRegression~p893,251.634164617899
LinearRegression~p917,226.51762062744507
LinearRegression~p963,174.29289616948822
LinearRegression~p654,232.21180847511755
LinearRegression~p961,152.095524356279
LinearRegression~p641,456.96256931860734
LinearRegression~p609,280.0839122656648
LinearRegression~p826,334.76252067970455
LinearRegression~p748,257.3343146000867
LinearRegression~p995,230.17594814046984
LinearRegression~p504,302.08626658524736
LinearRegression~p451,121.18697965271326
LinearRegression~p994,183.90699682351845
LinearRegression~p949,299.6641187628737
LinearRegression~p375,275.66736874558126
LinearRegression~p984,537.566830576622
LinearRegression~p808,504.74298467101437
LinearRegression~p101,235.64951884019948
LinearRegression~p777,216.30213994661395
LinearRegression~p531,316.75481684999886
LinearRegression~p282,179.17281634376215
LinearRegression~p37,208.54460774963883
LinearRegression~p582,234.30549334497147
LinearRegression~p731,434.28648010511085
LinearRegression~p574,801.9453244098238
LinearRegression~p977,186.05772420456054
LinearRegression~p419,331.8168695827597
LinearRegression~p319,411.75697122065606
LinearRegression~p988,360.98321168354374
LinearRegression~p479,224.60736976796161
LinearRegression~p218,159.070289395634
LinearRegression~p474,162.4872875975942
LinearRegression~p468,129.28058990301685
LinearRegression~p631,377.1338975533787
LinearRegression~p714,635.9320790565414
LinearRegression~p820,160.65380216351323
LinearRegression~p104,248.49487311734842
LinearRegression~p877,205.30708424948315
LinearRegression~p720,151.48721923147372
LinearRegression~p420,192.4748640891925
LinearRegression~p622,244.8909674791742
LinearRegression~p266,160.06960773549335
LinearRegression~p620,277.59164223602795
LinearRegression~p816,209.38145706526862
LinearRegression~p842,354.57051658548755
LinearRegression~p567,524.2586893240598
LinearRegression~p0,115.46655380085008
LinearRegression~p931,360.37262101841003
LinearRegression~p793,343.5056383066291
LinearRegression~p501,351.54081387834833
LinearRegression~p324,293.739350291681
LinearRegression~p837,183.86491977552276
LinearRegression~p387,174.65677872622754
LinearRegression~p411,262.0316393612118
LinearRegression~p1015,146.8537799852773
LinearRegression~p465,136.34534440405875
LinearRegression~p870,255.62891368766435
LinearRegression~p248,149.19595205531908
LinearRegression~p352,127.57574453441764
LinearRegression~p238,137.98759354496858
LinearRegression~p294,788.5567561564221
LinearRegression~p408,307.8145376182468
LinearRegression~p679,191.33386601329545
LinearRegression~p246,201.6762173750826
LinearRegression~p400,112.61467453062062
LinearRegression~p550,260.4303998613651
LinearRegression~p779,253.04639618495548
LinearRegression~p268,139.69340281510634
LinearRegression~p735,189.01497074329853
LinearRegression~p677,668.0210813765286
LinearRegression~p345,186.08326659646153
LinearRegression~p273,147.8790108407246
LinearRegression~p617,605.9515745031146
LinearRegression~p130,117.47257809112693
LinearRegression~p475,240.75132125062896
LinearRegression~p1028,190.8505681351861
LinearRegression~p200,276.4294350246981
LinearRegression~p1020,170.75807194393238
LinearRegression~p1011,169.3641792961421
